{"stats":{"minecraft:used":{"minecraft:cooked_mutton":4,"minecraft:iron_shovel":132,"minecraft:stone_pickaxe":132,"minecraft:stone_shovel":137,"minecraft:chest":1,"minecraft:wooden_pickaxe":59,"minecraft:stone_hoe":3,"minecraft:torch":42,"minecraft:dirt":21,"minecraft:crafting_table":8,"minecraft:white_bed":1,"minecraft:apple":1,"minecraft:bread":3,"minecraft:iron_pickaxe":244,"minecraft:birch_sapling":3,"minecraft:stone_axe":216,"minecraft:cobblestone":49,"minecraft:furnace":2,"minecraft:oak_sapling":5,"minecraft:oak_boat":2,"minecraft:cooked_beef":8},"minecraft:crafted":{"minecraft:cooked_beef":8,"minecraft:oak_planks":164,"minecraft:stone_shovel":1,"minecraft:cooked_porkchop":12,"minecraft:crafting_table":1,"minecraft:wooden_pickaxe":1,"minecraft:furnace":1,"minecraft:stone_axe":2,"minecraft:cooked_mutton":6,"minecraft:oak_boat":1,"minecraft:glass":48,"minecraft:iron_axe":1,"minecraft:stick":24,"minecraft:iron_ingot":12,"minecraft:stone_pickaxe":1,"minecraft:stone_sword":1,"minecraft:chest":1,"minecraft:iron_shovel":1,"minecraft:white_bed":1,"minecraft:torch":40,"minecraft:stone_hoe":1},"minecraft:mined":{"minecraft:crafting_table":7,"minecraft:torch":1,"minecraft:grass_block":159,"minecraft:tall_grass":3,"minecraft:cobblestone":5,"minecraft:wall_torch":2,"minecraft:furnace":2,"minecraft:birch_log":50,"minecraft:iron_ore":12,"minecraft:andesite":2,"minecraft:birch_leaves":5,"minecraft:grass":168,"minecraft:oak_log":105,"minecraft:coal_ore":70,"minecraft:dirt":8,"minecraft:sand":92,"minecraft:stone":342,"minecraft:oak_leaves":16},"minecraft:broken":{"minecraft:stone_pickaxe":1,"minecraft:stone_axe":1,"minecraft:stone_shovel":1,"minecraft:wooden_pickaxe":1},"minecraft:custom":{"minecraft:interact_with_furnace":36,"minecraft:mob_kills":25,"minecraft:interact_with_crafting_table":17,"minecraft:leave_game":4,"minecraft:time_since_death":142928,"minecraft:sleep_in_bed":5,"minecraft:time_since_rest":13968,"minecraft:sprint_one_cm":298809,"minecraft:damage_taken":740,"minecraft:walk_one_cm":222976,"minecraft:drop":9,"minecraft:damage_dealt":3154,"minecraft:swim_one_cm":7986,"minecraft:talked_to_villager":1,"minecraft:fly_one_cm":200561,"minecraft:open_chest":25,"minecraft:play_time":142928,"minecraft:walk_under_water_one_cm":886,"minecraft:boat_one_cm":22447,"minecraft:jump":1231,"minecraft:walk_on_water_one_cm":4864,"minecraft:total_world_time":142928,"minecraft:fall_one_cm":25673},"minecraft:picked_up":{"minecraft:birch_log":50,"minecraft:crafting_table":7,"minecraft:cooked_beef":1,"minecraft:andesite":2,"minecraft:leather":7,"minecraft:oak_log":105,"minecraft:gunpowder":1,"minecraft:dirt":177,"minecraft:string":2,"minecraft:bone":5,"minecraft:apple":1,"minecraft:wheat_seeds":20,"minecraft:beef":8,"minecraft:oak_boat":1,"minecraft:birch_sapling":3,"minecraft:furnace":2,"minecraft:stick":5,"minecraft:raw_iron":12,"minecraft:torch":4,"minecraft:porkchop":12,"minecraft:sand":92,"minecraft:arrow":3,"minecraft:rotten_flesh":8,"minecraft:oak_sapling":5,"minecraft:coal":70,"minecraft:mutton":6,"minecraft:white_wool":5,"minecraft:cobblestone":345},"minecraft:dropped":{"minecraft:cooked_beef":1,"minecraft:rotten_flesh":6,"minecraft:andesite":2},"minecraft:killed":{"minecraft:pig":5,"minecraft:spider":1,"minecraft:creeper":3,"minecraft:skeleton":1,"minecraft:sheep":5,"minecraft:zombie":4,"minecraft:cow":6}},"DataVersion":3120}