{"stats":{"minecraft:used":{"minecraft:cooked_mutton":3,"minecraft:stone_pickaxe":132,"minecraft:stone_shovel":71,"minecraft:chest":1,"minecraft:wooden_pickaxe":59,"minecraft:torch":42,"minecraft:dirt":17,"minecraft:crafting_table":8,"minecraft:white_bed":1,"minecraft:apple":1,"minecraft:bread":3,"minecraft:iron_pickaxe":239,"minecraft:birch_sapling":3,"minecraft:stone_axe":216,"minecraft:cobblestone":46,"minecraft:furnace":2,"minecraft:oak_sapling":5,"minecraft:oak_boat":2,"minecraft:cooked_beef":8},"minecraft:crafted":{"minecraft:cooked_beef":8,"minecraft:oak_planks":40,"minecraft:stone_shovel":1,"minecraft:cooked_porkchop":12,"minecraft:crafting_table":1,"minecraft:wooden_pickaxe":1,"minecraft:furnace":1,"minecraft:stone_axe":2,"minecraft:cooked_mutton":6,"minecraft:oak_boat":1,"minecraft:glass":48,"minecraft:iron_axe":1,"minecraft:stick":20,"minecraft:iron_ingot":12,"minecraft:stone_pickaxe":1,"minecraft:stone_sword":1,"minecraft:chest":1,"minecraft:white_bed":1,"minecraft:torch":40,"minecraft:stone_hoe":1},"minecraft:mined":{"minecraft:crafting_table":7,"minecraft:torch":1,"minecraft:grass_block":5,"minecraft:tall_grass":3,"minecraft:cobblestone":5,"minecraft:wall_torch":2,"minecraft:furnace":2,"minecraft:birch_log":50,"minecraft:iron_ore":12,"minecraft:andesite":2,"minecraft:birch_leaves":5,"minecraft:grass":3,"minecraft:oak_log":105,"minecraft:coal_ore":66,"minecraft:dirt":4,"minecraft:sand":71,"minecraft:stone":341,"minecraft:oak_leaves":16},"minecraft:broken":{"minecraft:stone_pickaxe":1,"minecraft:stone_axe":1,"minecraft:wooden_pickaxe":1},"minecraft:custom":{"minecraft:interact_with_furnace":31,"minecraft:mob_kills":25,"minecraft:interact_with_crafting_table":15,"minecraft:leave_game":4,"minecraft:time_since_death":130928,"minecraft:sleep_in_bed":5,"minecraft:time_since_rest":1968,"minecraft:sprint_one_cm":253425,"minecraft:damage_taken":730,"minecraft:walk_one_cm":186910,"minecraft:drop":9,"minecraft:damage_dealt":3154,"minecraft:swim_one_cm":4054,"minecraft:talked_to_villager":1,"minecraft:fly_one_cm":167240,"minecraft:open_chest":21,"minecraft:play_time":130928,"minecraft:walk_under_water_one_cm":378,"minecraft:boat_one_cm":22447,"minecraft:jump":1073,"minecraft:walk_on_water_one_cm":2065,"minecraft:total_world_time":130928,"minecraft:fall_one_cm":22203},"minecraft:picked_up":{"minecraft:birch_log":50,"minecraft:crafting_table":7,"minecraft:cooked_beef":1,"minecraft:andesite":2,"minecraft:leather":7,"minecraft:oak_log":105,"minecraft:gunpowder":1,"minecraft:dirt":19,"minecraft:string":2,"minecraft:bone":5,"minecraft:apple":1,"minecraft:wheat_seeds":1,"minecraft:beef":8,"minecraft:oak_boat":1,"minecraft:birch_sapling":3,"minecraft:furnace":2,"minecraft:stick":5,"minecraft:raw_iron":12,"minecraft:torch":4,"minecraft:porkchop":12,"minecraft:sand":69,"minecraft:arrow":3,"minecraft:rotten_flesh":8,"minecraft:oak_sapling":5,"minecraft:coal":66,"minecraft:mutton":6,"minecraft:white_wool":5,"minecraft:cobblestone":344},"minecraft:dropped":{"minecraft:cooked_beef":1,"minecraft:rotten_flesh":6,"minecraft:andesite":2},"minecraft:killed":{"minecraft:pig":5,"minecraft:spider":1,"minecraft:creeper":3,"minecraft:skeleton":1,"minecraft:sheep":5,"minecraft:zombie":4,"minecraft:cow":6}},"DataVersion":3120}