{"stats":{"minecraft:mined":{"minecraft:grass_block":4,"minecraft:oak_log":20,"minecraft:dirt":4,"minecraft:cobblestone":7,"minecraft:spruce_log":3,"minecraft:stone":110,"minecraft:oak_leaves":4,"minecraft:crafting_table":3},"minecraft:picked_up":{"minecraft:crafting_table":3,"minecraft:stick":2,"minecraft:oak_log":20,"minecraft:spruce_log":3,"minecraft:oak_sapling":5,"minecraft:dirt":8,"minecraft:cobblestone":114},"minecraft:used":{"minecraft:stone_axe":4,"minecraft:dirt":1,"minecraft:cobblestone":16,"minecraft:crafting_table":3,"minecraft:stone_pickaxe":59,"minecraft:wooden_pickaxe":59,"minecraft:wooden_shovel":5},"minecraft:crafted":{"minecraft:stone_sword":1,"minecraft:oak_planks":80,"minecraft:wooden_shovel":1,"minecraft:stone_axe":1,"minecraft:crafting_table":1,"minecraft:stone_pickaxe":1,"minecraft:stick":16,"minecraft:wooden_pickaxe":1},"minecraft:broken":{"minecraft:wooden_pickaxe":1},"minecraft:custom":{"minecraft:time_since_rest":20567,"minecraft:crouch_one_cm":315,"minecraft:play_time":20567,"minecraft:sprint_one_cm":17427,"minecraft:walk_one_cm":20092,"minecraft:sneak_time":173,"minecraft:jump":69,"minecraft:time_since_death":20567,"minecraft:total_world_time":20567,"minecraft:fall_one_cm":476,"minecraft:interact_with_crafting_table":3,"minecraft:fly_one_cm":4069}},"DataVersion":3465}