{"stats":{"minecraft:mined":{"minecraft:furnace":1,"minecraft:birch_log":61,"minecraft:birch_leaves":7,"minecraft:crafting_table":5,"minecraft:grass":6,"minecraft:oak_log":80,"minecraft:grass_block":1,"minecraft:coal_ore":22,"minecraft:cobblestone":7,"minecraft:stone":156,"minecraft:wall_torch":1,"minecraft:oak_leaves":26},"minecraft:broken":{"minecraft:stone_axe":1,"minecraft:wooden_pickaxe":1},"minecraft:killed_by":{"minecraft:skeleton":1},"minecraft:killed":{"minecraft:sheep":2,"minecraft:chicken":8,"minecraft:cow":2},"minecraft:crafted":{"minecraft:oak_boat":1,"minecraft:oak_planks":60,"minecraft:crafting_table":1,"minecraft:stick":28,"minecraft:wooden_pickaxe":1,"minecraft:stone_pickaxe":1,"minecraft:stone_sword":2,"minecraft:furnace":1,"minecraft:torch":4,"minecraft:stone_axe":3,"minecraft:cooked_mutton":3},"minecraft:used":{"minecraft:cooked_mutton":3,"minecraft:stone_sword":12,"minecraft:stone_pickaxe":129,"minecraft:wooden_pickaxe":59,"minecraft:torch":5,"minecraft:stone_axe":160,"minecraft:cobblestone":18,"minecraft:crafting_table":5,"minecraft:furnace":1,"minecraft:oak_boat":1},"minecraft:picked_up":{"minecraft:birch_log":61,"minecraft:stick":3,"minecraft:crafting_table":6,"minecraft:feather":7,"minecraft:chicken":8,"minecraft:leather":2,"minecraft:torch":1,"minecraft:oak_log":79,"minecraft:dirt":1,"minecraft:apple":5,"minecraft:wheat_seeds":1,"minecraft:beef":5,"minecraft:stone_pickaxe":1,"minecraft:birch_sapling":2,"minecraft:oak_sapling":14,"minecraft:oak_planks":36,"minecraft:mutton":3,"minecraft:coal":45,"minecraft:egg":3,"minecraft:white_wool":4,"minecraft:cobblestone":282,"minecraft:furnace":1},"minecraft:custom":{"minecraft:time_since_rest":28278,"minecraft:interact_with_furnace":4,"minecraft:sprint_one_cm":64937,"minecraft:damage_taken":340,"minecraft:walk_one_cm":85014,"minecraft:mob_kills":12,"minecraft:damage_dealt":680,"minecraft:swim_one_cm":10951,"minecraft:interact_with_crafting_table":5,"minecraft:fly_one_cm":51466,"minecraft:open_chest":2,"minecraft:crouch_one_cm":9,"minecraft:play_time":53015,"minecraft:deaths":1,"minecraft:sneak_time":277,"minecraft:walk_under_water_one_cm":1740,"minecraft:boat_one_cm":31185,"minecraft:jump":442,"minecraft:leave_game":2,"minecraft:walk_on_water_one_cm":3286,"minecraft:time_since_death":28239,"minecraft:total_world_time":53015,"minecraft:fall_one_cm":8637}},"DataVersion":3465}