{"stats":{"minecraft:killed_by":{"minecraft:creeper":2,"man:managgresive":1,"minecraft:cave_spider":2,"cave_dweller:cave_dweller":3},"minecraft:crafted":{"minecraft:oak_planks":48,"minecraft:spyglass":1,"minecraft:cooked_chicken":3,"minecraft:furnace":5,"minecraft:cobblestone_stairs":4,"minecraft:cooked_mutton":8,"minecraft:iron_axe":1,"minecraft:stone_pickaxe":3,"minecraft:chest":1,"minecraft:cooked_beef":23,"minecraft:cooked_porkchop":21,"minecraft:crafting_table":3,"minecraft:wooden_pickaxe":2,"minecraft:iron_sword":1,"minecraft:copper_ingot":21,"minecraft:bucket":2,"minecraft:stone_axe":2,"minecraft:air":0,"minecraft:oak_boat":1,"minecraft:shield":2,"minecraft:stick":88,"minecraft:iron_ingot":30,"minecraft:iron_pickaxe":2,"minecraft:wooden_axe":1,"minecraft:stone_sword":2,"minecraft:white_bed":1,"minecraft:acacia_planks":308,"minecraft:torch":264},"minecraft:used":{"minecraft:stone_sword":85,"minecraft:shield":34,"minecraft:chest":1,"minecraft:cooked_chicken":3,"minecraft:torch":262,"minecraft:dirt":4,"minecraft:spyglass":3,"minecraft:granite":8,"minecraft:wooden_axe":2,"minecraft:iron_axe":10,"minecraft:beef":1,"minecraft:furnace":7,"minecraft:egg":2,"minecraft:cooked_beef":3,"minecraft:calcite":1,"minecraft:cooked_mutton":4,"minecraft:diorite":9,"minecraft:amethyst_block":4,"minecraft:cobblestone_stairs":4,"minecraft:stone_pickaxe":327,"minecraft:oak_planks":6,"minecraft:wooden_pickaxe":118,"minecraft:golden_apple":1,"minecraft:glow_berries":8,"minecraft:rail":3,"minecraft:crafting_table":12,"minecraft:white_bed":2,"minecraft:bread":6,"minecraft:string":1,"minecraft:iron_pickaxe":473,"minecraft:gravel":3,"minecraft:stone_axe":136,"minecraft:cobblestone":286,"minecraft:cooked_porkchop":15,"minecraft:bucket":2},"minecraft:picked_up":{"minecraft:crafting_table":15,"minecraft:chicken":3,"minecraft:enchanted_book":3,"minecraft:shield":3,"minecraft:amethyst_block":52,"minecraft:string":60,"minecraft:raw_copper":27,"minecraft:cobbled_deepslate":3,"minecraft:beef":24,"minecraft:calcite":5,"minecraft:iron_pickaxe":3,"minecraft:egg":5,"minecraft:furnace":6,"minecraft:stick":5,"minecraft:raw_iron":74,"minecraft:torch":39,"minecraft:acacia_log":97,"minecraft:porkchop":21,"minecraft:diorite":11,"minecraft:stone_sword":3,"minecraft:rotten_flesh":4,"minecraft:beetroot_seeds":4,"minecraft:gold_ingot":2,"minecraft:glow_berries":15,"minecraft:mutton":8,"minecraft:rail":3,"minecraft:white_wool":5,"minecraft:cobblestone":636,"minecraft:feather":4,"minecraft:glow_ink_sac":2,"minecraft:andesite":17,"minecraft:leather":9,"minecraft:oak_log":12,"minecraft:lapis_lazuli":26,"minecraft:dirt":23,"minecraft:acacia_planks":68,"minecraft:wheat_seeds":3,"minecraft:iron_ingot":5,"minecraft:acacia_sapling":1,"minecraft:oak_planks":19,"minecraft:smooth_basalt":2,"minecraft:cooked_porkchop":25,"minecraft:gravel":8,"minecraft:amethyst_shard":64,"minecraft:white_bed":1,"minecraft:spider_eye":4,"minecraft:pumpkin_seeds":9,"minecraft:stone_axe":2,"minecraft:granite":46,"minecraft:bread":8,"minecraft:coal":345},"minecraft:custom":{"minecraft:mob_kills":43,"minecraft:interact_with_crafting_table":23,"minecraft:leave_game":7,"minecraft:time_since_death":6218,"minecraft:sprint_one_cm":584807,"minecraft:walk_one_cm":652827,"minecraft:damage_blocked_by_shield":585,"minecraft:drop":37,"minecraft:play_time":216179,"minecraft:deaths":8,"minecraft:sneak_time":1256,"minecraft:walk_under_water_one_cm":3100,"minecraft:jump":2721,"minecraft:walk_on_water_one_cm":23535,"minecraft:total_world_time":216179,"minecraft:interact_with_furnace":59,"minecraft:sleep_in_bed":8,"minecraft:time_since_rest":6265,"minecraft:damage_taken":4195,"minecraft:damage_dealt":5414,"minecraft:fly_one_cm":400024,"minecraft:swim_one_cm":4086,"minecraft:open_chest":29,"minecraft:crouch_one_cm":1540,"minecraft:fall_one_cm":66262},"minecraft:killed":{"minecraft:cave_spider":5,"minecraft:spider":2,"minecraft:chicken":3,"minecraft:pig":10,"minecraft:creeper":1,"minecraft:sheep":5,"minecraft:zombie":6,"minecraft:cow":11},"minecraft:mined":{"minecraft:white_bed":1,"minecraft:granite":32,"minecraft:budding_amethyst":2,"minecraft:acacia_log":92,"minecraft:grass_block":6,"minecraft:spawner":1,"minecraft:furnace":6,"minecraft:iron_ore":56,"minecraft:andesite":17,"minecraft:small_amethyst_bud":2,"minecraft:stone":435,"minecraft:tripwire":1,"minecraft:acacia_leaves":8,"minecraft:medium_amethyst_bud":2,"minecraft:amethyst_cluster":4,"minecraft:crafting_table":11,"minecraft:torch":10,"minecraft:calcite":2,"minecraft:tall_grass":2,"minecraft:copper_ore":8,"minecraft:cobblestone":56,"minecraft:lapis_ore":4,"minecraft:oak_planks":9,"minecraft:diorite":9,"minecraft:wall_torch":12,"minecraft:amethyst_block":16,"minecraft:grass":8,"minecraft:oak_log":12,"minecraft:coal_ore":247,"minecraft:gravel":6,"minecraft:dirt":7,"minecraft:cobweb":30,"minecraft:smooth_basalt":2,"minecraft:oak_leaves":2,"minecraft:deepslate":3},"minecraft:broken":{"minecraft:wooden_pickaxe":2,"minecraft:stone_pickaxe":2,"minecraft:iron_pickaxe":1},"minecraft:dropped":{"minecraft:water_bucket":1,"minecraft:granite":20,"minecraft:diorite":2,"minecraft:torch":2,"minecraft:cobbled_deepslate":3,"minecraft:rotten_flesh":4,"minecraft:andesite":17,"minecraft:calcite":1}},"DataVersion":3465}