{"stats":{"minecraft:used":{"minecraft:calcite":1,"minecraft:cooked_mutton":4,"minecraft:amethyst_block":2,"minecraft:diorite":7,"minecraft:stone_sword":67,"minecraft:stone_pickaxe":327,"minecraft:oak_planks":4,"minecraft:shield":32,"minecraft:chest":1,"minecraft:wooden_pickaxe":118,"minecraft:torch":179,"minecraft:dirt":3,"minecraft:rail":3,"minecraft:crafting_table":12,"minecraft:white_bed":2,"minecraft:wooden_axe":2,"minecraft:iron_axe":2,"minecraft:bread":1,"minecraft:string":1,"minecraft:iron_pickaxe":215,"minecraft:gravel":3,"minecraft:stone_axe":136,"minecraft:cobblestone":258,"minecraft:beef":1,"minecraft:furnace":7,"minecraft:cooked_porkchop":13,"minecraft:bucket":2,"minecraft:egg":1,"minecraft:cooked_beef":3},"minecraft:custom":{"minecraft:interact_with_furnace":42,"minecraft:mob_kills":33,"minecraft:interact_with_crafting_table":20,"minecraft:leave_game":4,"minecraft:time_since_death":32267,"minecraft:sleep_in_bed":4,"minecraft:time_since_rest":32132,"minecraft:sprint_one_cm":355121,"minecraft:damage_taken":2975,"minecraft:walk_one_cm":343153,"minecraft:damage_blocked_by_shield":540,"minecraft:drop":19,"minecraft:damage_dealt":4264,"minecraft:swim_one_cm":3383,"minecraft:fly_one_cm":282588,"minecraft:open_chest":10,"minecraft:crouch_one_cm":1459,"minecraft:play_time":155813,"minecraft:deaths":6,"minecraft:sneak_time":1193,"minecraft:walk_under_water_one_cm":2537,"minecraft:jump":1780,"minecraft:walk_on_water_one_cm":19550,"minecraft:total_world_time":155813,"minecraft:fall_one_cm":48233},"minecraft:broken":{"minecraft:stone_pickaxe":2,"minecraft:wooden_pickaxe":2},"minecraft:picked_up":{"minecraft:crafting_table":15,"minecraft:andesite":17,"minecraft:leather":7,"minecraft:enchanted_book":3,"minecraft:oak_log":12,"minecraft:shield":3,"minecraft:amethyst_block":50,"minecraft:lapis_lazuli":26,"minecraft:dirt":20,"minecraft:string":58,"minecraft:raw_copper":23,"minecraft:acacia_planks":68,"minecraft:wheat_seeds":2,"minecraft:cobbled_deepslate":3,"minecraft:beef":18,"minecraft:calcite":5,"minecraft:iron_pickaxe":3,"minecraft:oak_planks":10,"minecraft:acacia_sapling":1,"minecraft:egg":4,"minecraft:furnace":6,"minecraft:stick":5,"minecraft:raw_iron":53,"minecraft:cooked_porkchop":25,"minecraft:torch":24,"minecraft:acacia_log":97,"minecraft:gravel":8,"minecraft:porkchop":21,"minecraft:amethyst_shard":64,"minecraft:diorite":9,"minecraft:white_bed":1,"minecraft:spider_eye":3,"minecraft:pumpkin_seeds":9,"minecraft:stone_sword":3,"minecraft:rotten_flesh":3,"minecraft:stone_axe":2,"minecraft:granite":28,"minecraft:bread":8,"minecraft:glow_berries":15,"minecraft:coal":269,"minecraft:mutton":6,"minecraft:rail":3,"minecraft:white_wool":4,"minecraft:cobblestone":483},"minecraft:killed":{"minecraft:cave_spider":5,"minecraft:pig":10,"minecraft:creeper":1,"minecraft:sheep":4,"minecraft:zombie":4,"minecraft:cow":9},"minecraft:killed_by":{"man:managgresive":1,"minecraft:cave_spider":2,"minecraft:creeper":2,"cave_dweller:cave_dweller":1},"minecraft:crafted":{"minecraft:cooked_beef":17,"minecraft:oak_planks":48,"minecraft:cooked_porkchop":21,"minecraft:crafting_table":3,"minecraft:wooden_pickaxe":2,"minecraft:furnace":5,"minecraft:bucket":2,"minecraft:stone_axe":2,"minecraft:cooked_mutton":6,"minecraft:oak_boat":1,"minecraft:shield":2,"minecraft:iron_axe":1,"minecraft:stick":68,"minecraft:iron_ingot":26,"minecraft:iron_pickaxe":1,"minecraft:stone_pickaxe":3,"minecraft:wooden_axe":1,"minecraft:stone_sword":2,"minecraft:chest":1,"minecraft:white_bed":1,"minecraft:acacia_planks":308,"minecraft:torch":172},"minecraft:mined":{"minecraft:acacia_leaves":8,"minecraft:white_bed":1,"minecraft:medium_amethyst_bud":2,"minecraft:amethyst_cluster":4,"minecraft:crafting_table":11,"minecraft:torch":6,"minecraft:granite":19,"minecraft:budding_amethyst":2,"minecraft:acacia_log":92,"minecraft:grass_block":4,"minecraft:calcite":2,"minecraft:tall_grass":2,"minecraft:copper_ore":7,"minecraft:cobblestone":38,"minecraft:lapis_ore":4,"minecraft:oak_planks":5,"minecraft:diorite":7,"minecraft:wall_torch":7,"minecraft:amethyst_block":14,"minecraft:spawner":1,"minecraft:furnace":6,"minecraft:iron_ore":35,"minecraft:andesite":17,"minecraft:grass":5,"minecraft:oak_log":12,"minecraft:coal_ore":171,"minecraft:small_amethyst_bud":2,"minecraft:gravel":6,"minecraft:dirt":7,"minecraft:cobweb":30,"minecraft:stone":314,"minecraft:oak_leaves":2,"minecraft:deepslate":3,"minecraft:tripwire":1},"minecraft:dropped":{"minecraft:rotten_flesh":2,"minecraft:diorite":2,"minecraft:torch":1,"minecraft:andesite":15}},"DataVersion":3465}