{"stats":{"minecraft:mined":{"minecraft:large_fern":3,"minecraft:sweet_berry_bush":14,"minecraft:spruce_log":36,"minecraft:crafting_table":4,"minecraft:coal_ore":1,"minecraft:grass_block":4,"minecraft:oak_log":20,"minecraft:dirt":4,"minecraft:cobblestone":7,"minecraft:spruce_leaves":10,"minecraft:stone":111,"minecraft:oak_leaves":4,"minecraft:fern":2},"minecraft:picked_up":{"minecraft:stick":11,"minecraft:crafting_table":4,"minecraft:sweet_berries":36,"minecraft:porkchop":6,"minecraft:oak_log":20,"minecraft:spruce_sapling":5,"minecraft:spruce_log":34,"minecraft:dirt":8,"minecraft:wheat_seeds":1,"minecraft:oak_sapling":5,"minecraft:coal":1,"minecraft:cobblestone":115},"minecraft:used":{"minecraft:bread":4,"minecraft:stone_pickaxe":61,"minecraft:wooden_pickaxe":59,"minecraft:wooden_shovel":5,"minecraft:stone_axe":62,"minecraft:dirt":1,"minecraft:cobblestone":19,"minecraft:sweet_berries":3,"minecraft:crafting_table":5,"minecraft:oak_boat":1,"minecraft:spruce_log":1},"minecraft:killed":{"minecraft:pig":4},"minecraft:crafted":{"minecraft:oak_boat":1,"minecraft:oak_planks":80,"minecraft:wooden_shovel":1,"minecraft:crafting_table":1,"minecraft:stick":16,"minecraft:wooden_pickaxe":1,"minecraft:stone_pickaxe":1,"minecraft:stone_sword":1,"minecraft:stone_axe":1},"minecraft:broken":{"minecraft:wooden_pickaxe":1},"minecraft:custom":{"minecraft:time_since_rest":32567,"minecraft:sprint_one_cm":74599,"minecraft:damage_taken":102,"minecraft:walk_one_cm":74256,"minecraft:mob_kills":4,"minecraft:damage_dealt":400,"minecraft:interact_with_crafting_table":6,"minecraft:fly_one_cm":30416,"minecraft:open_chest":4,"minecraft:crouch_one_cm":315,"minecraft:play_time":32567,"minecraft:sneak_time":173,"minecraft:boat_one_cm":51570,"minecraft:jump":204,"minecraft:time_since_death":32567,"minecraft:total_world_time":32567,"minecraft:fall_one_cm":3446}},"DataVersion":3465}