{"stats":{"minecraft:mined":{"minecraft:grass_block":3,"minecraft:oak_log":20,"minecraft:dirt":2,"minecraft:oak_leaves":4,"minecraft:crafting_table":2},"minecraft:picked_up":{"minecraft:crafting_table":2,"minecraft:stick":2,"minecraft:oak_log":20,"minecraft:oak_sapling":5,"minecraft:dirt":5},"minecraft:used":{"minecraft:crafting_table":2,"minecraft:wooden_shovel":5},"minecraft:crafted":{"minecraft:oak_planks":80,"minecraft:wooden_shovel":1,"minecraft:crafting_table":1,"minecraft:stick":4,"minecraft:wooden_pickaxe":1},"minecraft:custom":{"minecraft:time_since_rest":8567,"minecraft:crouch_one_cm":315,"minecraft:play_time":8567,"minecraft:sprint_one_cm":17427,"minecraft:walk_one_cm":9568,"minecraft:sneak_time":138,"minecraft:jump":34,"minecraft:time_since_death":8567,"minecraft:total_world_time":8567,"minecraft:fall_one_cm":476,"minecraft:interact_with_crafting_table":2,"minecraft:fly_one_cm":4069}},"DataVersion":3465}