{"stats":{"minecraft:used":{"minecraft:calcite":1,"minecraft:cooked_mutton":4,"minecraft:amethyst_block":2,"minecraft:diorite":7,"minecraft:stone_sword":85,"minecraft:oak_planks":4,"minecraft:stone_pickaxe":327,"minecraft:chest":1,"minecraft:wooden_pickaxe":118,"minecraft:shield":34,"minecraft:cooked_chicken":2,"minecraft:torch":188,"minecraft:glow_berries":8,"minecraft:dirt":3,"minecraft:rail":3,"minecraft:crafting_table":12,"minecraft:white_bed":2,"minecraft:wooden_axe":2,"minecraft:string":1,"minecraft:iron_axe":10,"minecraft:bread":6,"minecraft:iron_pickaxe":309,"minecraft:gravel":3,"minecraft:stone_axe":136,"minecraft:cobblestone":270,"minecraft:beef":1,"minecraft:furnace":7,"minecraft:cooked_porkchop":15,"minecraft:bucket":2,"minecraft:egg":2,"minecraft:cooked_beef":3},"minecraft:custom":{"minecraft:interact_with_furnace":57,"minecraft:mob_kills":43,"minecraft:interact_with_crafting_table":21,"minecraft:leave_game":7,"minecraft:time_since_death":54643,"minecraft:sleep_in_bed":6,"minecraft:time_since_rest":3430,"minecraft:sprint_one_cm":421593,"minecraft:damage_taken":3525,"minecraft:walk_one_cm":403691,"minecraft:damage_blocked_by_shield":585,"minecraft:drop":24,"minecraft:damage_dealt":5414,"minecraft:swim_one_cm":3383,"minecraft:fly_one_cm":341663,"minecraft:open_chest":21,"minecraft:crouch_one_cm":1540,"minecraft:play_time":178189,"minecraft:deaths":6,"minecraft:sneak_time":1256,"minecraft:walk_under_water_one_cm":2537,"minecraft:jump":2201,"minecraft:walk_on_water_one_cm":19550,"minecraft:total_world_time":178189,"minecraft:fall_one_cm":56913},"minecraft:broken":{"minecraft:stone_pickaxe":2,"minecraft:iron_pickaxe":1,"minecraft:wooden_pickaxe":2},"minecraft:picked_up":{"minecraft:crafting_table":15,"minecraft:feather":4,"minecraft:chicken":3,"minecraft:andesite":17,"minecraft:leather":9,"minecraft:enchanted_book":3,"minecraft:oak_log":12,"minecraft:shield":3,"minecraft:amethyst_block":50,"minecraft:lapis_lazuli":26,"minecraft:dirt":20,"minecraft:string":60,"minecraft:raw_copper":23,"minecraft:acacia_planks":68,"minecraft:wheat_seeds":3,"minecraft:cobbled_deepslate":3,"minecraft:beef":24,"minecraft:calcite":5,"minecraft:iron_pickaxe":3,"minecraft:oak_planks":10,"minecraft:acacia_sapling":1,"minecraft:furnace":6,"minecraft:egg":5,"minecraft:stick":5,"minecraft:raw_iron":53,"minecraft:cooked_porkchop":25,"minecraft:torch":27,"minecraft:acacia_log":97,"minecraft:gravel":8,"minecraft:porkchop":21,"minecraft:amethyst_shard":64,"minecraft:diorite":9,"minecraft:white_bed":1,"minecraft:spider_eye":4,"minecraft:stone_sword":3,"minecraft:pumpkin_seeds":9,"minecraft:rotten_flesh":3,"minecraft:stone_axe":2,"minecraft:granite":28,"minecraft:bread":8,"minecraft:glow_berries":15,"minecraft:mutton":8,"minecraft:coal":285,"minecraft:white_wool":5,"minecraft:rail":3,"minecraft:cobblestone":574},"minecraft:killed":{"minecraft:cave_spider":5,"minecraft:pig":10,"minecraft:spider":2,"minecraft:creeper":1,"minecraft:sheep":5,"minecraft:zombie":6,"minecraft:chicken":3,"minecraft:cow":11},"minecraft:killed_by":{"man:managgresive":1,"minecraft:cave_spider":2,"minecraft:creeper":2,"cave_dweller:cave_dweller":1},"minecraft:crafted":{"minecraft:cooked_beef":23,"minecraft:oak_planks":48,"minecraft:cooked_porkchop":21,"minecraft:crafting_table":3,"minecraft:cooked_chicken":3,"minecraft:wooden_pickaxe":2,"minecraft:iron_sword":1,"minecraft:furnace":5,"minecraft:copper_ingot":21,"minecraft:bucket":2,"minecraft:stone_axe":2,"minecraft:cooked_mutton":8,"minecraft:air":0,"minecraft:oak_boat":1,"minecraft:shield":2,"minecraft:iron_axe":1,"minecraft:stick":72,"minecraft:iron_ingot":30,"minecraft:iron_pickaxe":2,"minecraft:stone_pickaxe":3,"minecraft:wooden_axe":1,"minecraft:stone_sword":2,"minecraft:chest":1,"minecraft:white_bed":1,"minecraft:acacia_planks":308,"minecraft:torch":196},"minecraft:mined":{"minecraft:acacia_leaves":8,"minecraft:white_bed":1,"minecraft:medium_amethyst_bud":2,"minecraft:amethyst_cluster":4,"minecraft:crafting_table":11,"minecraft:torch":9,"minecraft:granite":19,"minecraft:budding_amethyst":2,"minecraft:acacia_log":92,"minecraft:calcite":2,"minecraft:grass_block":4,"minecraft:copper_ore":7,"minecraft:tall_grass":2,"minecraft:cobblestone":42,"minecraft:lapis_ore":4,"minecraft:oak_planks":5,"minecraft:diorite":7,"minecraft:wall_torch":7,"minecraft:amethyst_block":14,"minecraft:spawner":1,"minecraft:furnace":6,"minecraft:iron_ore":35,"minecraft:andesite":17,"minecraft:grass":8,"minecraft:coal_ore":187,"minecraft:oak_log":12,"minecraft:small_amethyst_bud":2,"minecraft:gravel":6,"minecraft:dirt":7,"minecraft:cobweb":30,"minecraft:stone":387,"minecraft:tripwire":1,"minecraft:oak_leaves":2,"minecraft:deepslate":3},"minecraft:dropped":{"minecraft:cobbled_deepslate":3,"minecraft:rotten_flesh":2,"minecraft:granite":10,"minecraft:diorite":2,"minecraft:torch":2,"minecraft:andesite":17,"minecraft:calcite":1}},"DataVersion":3465}