{"stats":{"minecraft:used":{"minecraft:calcite":1,"minecraft:cooked_mutton":4,"minecraft:amethyst_block":2,"minecraft:diorite":7,"minecraft:stone_sword":30,"minecraft:stone_pickaxe":327,"minecraft:oak_planks":4,"minecraft:chest":1,"minecraft:wooden_pickaxe":118,"minecraft:torch":87,"minecraft:dirt":2,"minecraft:crafting_table":10,"minecraft:white_bed":2,"minecraft:wooden_axe":2,"minecraft:string":1,"minecraft:iron_pickaxe":148,"minecraft:gravel":3,"minecraft:stone_axe":136,"minecraft:cobblestone":253,"minecraft:beef":1,"minecraft:furnace":6,"minecraft:cooked_porkchop":6,"minecraft:egg":1,"minecraft:cooked_beef":3},"minecraft:custom":{"minecraft:interact_with_furnace":38,"minecraft:mob_kills":26,"minecraft:interact_with_crafting_table":16,"minecraft:leave_game":4,"minecraft:time_since_death":3411,"minecraft:sleep_in_bed":3,"minecraft:time_since_rest":3446,"minecraft:sprint_one_cm":236372,"minecraft:damage_taken":1900,"minecraft:walk_one_cm":191402,"minecraft:drop":19,"minecraft:damage_dealt":3187,"minecraft:swim_one_cm":3383,"minecraft:fly_one_cm":258821,"minecraft:open_chest":9,"minecraft:crouch_one_cm":1294,"minecraft:play_time":119813,"minecraft:deaths":4,"minecraft:sneak_time":1135,"minecraft:walk_under_water_one_cm":1279,"minecraft:jump":1515,"minecraft:walk_on_water_one_cm":7663,"minecraft:total_world_time":119813,"minecraft:fall_one_cm":42795},"minecraft:broken":{"minecraft:stone_pickaxe":2,"minecraft:wooden_pickaxe":2},"minecraft:picked_up":{"minecraft:crafting_table":11,"minecraft:andesite":17,"minecraft:leather":7,"minecraft:enchanted_book":1,"minecraft:oak_log":12,"minecraft:shield":1,"minecraft:amethyst_block":26,"minecraft:dirt":19,"minecraft:string":25,"minecraft:raw_copper":2,"minecraft:acacia_planks":20,"minecraft:wheat_seeds":2,"minecraft:cobbled_deepslate":3,"minecraft:beef":18,"minecraft:calcite":3,"minecraft:iron_pickaxe":1,"minecraft:oak_planks":5,"minecraft:acacia_sapling":1,"minecraft:egg":4,"minecraft:furnace":5,"minecraft:stick":4,"minecraft:raw_iron":37,"minecraft:cooked_porkchop":9,"minecraft:torch":14,"minecraft:acacia_log":97,"minecraft:gravel":5,"minecraft:porkchop":21,"minecraft:amethyst_shard":32,"minecraft:diorite":9,"minecraft:white_bed":1,"minecraft:stone_sword":1,"minecraft:rotten_flesh":2,"minecraft:stone_axe":1,"minecraft:granite":19,"minecraft:bread":3,"minecraft:glow_berries":5,"minecraft:coal":175,"minecraft:mutton":6,"minecraft:white_wool":4,"minecraft:cobblestone":403},"minecraft:killed":{"minecraft:cave_spider":1,"minecraft:pig":10,"minecraft:creeper":1,"minecraft:sheep":4,"minecraft:zombie":1,"minecraft:cow":9},"minecraft:killed_by":{"man:managgresive":1,"minecraft:cave_spider":1,"minecraft:creeper":1,"cave_dweller:cave_dweller":1},"minecraft:crafted":{"minecraft:cooked_beef":17,"minecraft:oak_planks":48,"minecraft:cooked_porkchop":21,"minecraft:crafting_table":3,"minecraft:wooden_pickaxe":2,"minecraft:furnace":4,"minecraft:stone_axe":2,"minecraft:cooked_mutton":6,"minecraft:oak_boat":1,"minecraft:shield":2,"minecraft:stick":40,"minecraft:iron_ingot":20,"minecraft:iron_pickaxe":1,"minecraft:stone_pickaxe":3,"minecraft:wooden_axe":1,"minecraft:stone_sword":2,"minecraft:chest":1,"minecraft:white_bed":1,"minecraft:acacia_planks":308,"minecraft:torch":88},"minecraft:mined":{"minecraft:acacia_leaves":8,"minecraft:white_bed":1,"minecraft:medium_amethyst_bud":2,"minecraft:amethyst_cluster":4,"minecraft:crafting_table":9,"minecraft:torch":3,"minecraft:granite":16,"minecraft:budding_amethyst":2,"minecraft:acacia_log":92,"minecraft:grass_block":4,"minecraft:calcite":2,"minecraft:tall_grass":2,"minecraft:copper_ore":1,"minecraft:cobblestone":38,"minecraft:oak_planks":5,"minecraft:diorite":7,"minecraft:wall_torch":7,"minecraft:amethyst_block":14,"minecraft:spawner":1,"minecraft:furnace":5,"minecraft:iron_ore":31,"minecraft:andesite":17,"minecraft:grass":5,"minecraft:oak_log":12,"minecraft:coal_ore":139,"minecraft:small_amethyst_bud":2,"minecraft:gravel":5,"minecraft:dirt":6,"minecraft:cobweb":21,"minecraft:stone":298,"minecraft:oak_leaves":2,"minecraft:deepslate":3,"minecraft:tripwire":1},"minecraft:dropped":{"minecraft:rotten_flesh":2,"minecraft:diorite":2,"minecraft:torch":1,"minecraft:andesite":15}},"DataVersion":3465}