{"stats":{"minecraft:mined":{"minecraft:large_fern":3,"minecraft:iron_ore":2,"minecraft:sweet_berry_bush":14,"minecraft:lilac":1,"minecraft:spruce_log":94,"minecraft:wither_rose":1,"minecraft:crafting_table":4,"minecraft:coal_ore":1,"minecraft:grass_block":5,"minecraft:oak_log":20,"minecraft:dirt":4,"minecraft:cobblestone":11,"minecraft:spruce_leaves":15,"minecraft:stone":113,"minecraft:oak_leaves":19,"minecraft:fern":2},"minecraft:picked_up":{"minecraft:raw_iron":2,"minecraft:stick":14,"minecraft:crafting_table":4,"minecraft:sweet_berries":36,"minecraft:wither_rose":2,"minecraft:porkchop":6,"minecraft:oak_log":20,"minecraft:spruce_sapling":8,"minecraft:spruce_log":92,"minecraft:dirt":9,"minecraft:rotten_flesh":2,"minecraft:wheat_seeds":1,"minecraft:oak_sapling":5,"minecraft:mutton":2,"minecraft:coal":1,"minecraft:white_wool":1,"minecraft:cobblestone":121},"minecraft:used":{"minecraft:bread":7,"minecraft:stone_pickaxe":69,"minecraft:wooden_pickaxe":59,"minecraft:wooden_shovel":5,"minecraft:torch":2,"minecraft:stone_axe":127,"minecraft:dirt":1,"minecraft:cobblestone":37,"minecraft:sweet_berries":3,"minecraft:crafting_table":5,"minecraft:wither_rose":2,"minecraft:oak_boat":1,"minecraft:spruce_log":3},"minecraft:crafted":{"minecraft:oak_boat":1,"minecraft:oak_planks":80,"minecraft:wooden_shovel":1,"minecraft:crafting_table":1,"minecraft:stick":16,"minecraft:wooden_pickaxe":1,"minecraft:stone_pickaxe":1,"minecraft:stone_sword":1,"minecraft:torch":4,"minecraft:stone_axe":1},"minecraft:killed":{"minecraft:sheep":1,"minecraft:pig":4},"minecraft:dropped":{"minecraft:rotten_flesh":2},"minecraft:broken":{"minecraft:wooden_pickaxe":1},"minecraft:custom":{"minecraft:time_since_rest":6541,"minecraft:sprint_one_cm":93894,"minecraft:damage_taken":234,"minecraft:walk_one_cm":110619,"minecraft:mob_kills":5,"minecraft:drop":2,"minecraft:damage_dealt":480,"minecraft:talked_to_villager":1,"minecraft:interact_with_crafting_table":6,"minecraft:fly_one_cm":35651,"minecraft:open_chest":4,"minecraft:crouch_one_cm":565,"minecraft:play_time":44567,"minecraft:sneak_time":291,"minecraft:boat_one_cm":51570,"minecraft:jump":297,"minecraft:time_since_death":44567,"minecraft:sleep_in_bed":1,"minecraft:total_world_time":44567,"minecraft:fall_one_cm":5689}},"DataVersion":3465}